﻿"Cube Title","Product Id","CANSIM Id",URL,"Cube Notes","Archive Status",Frequency,"Start Reference Period","End Reference Period","Total number of dimensions"
"Inventory distribution of publicly owned road assets by physical condition rating",34100070,,"https://www150.statcan.gc.ca/t1/tbl1/en/tv.action?pid=3410007001",1;2,"CURRENT - a cube available to the public and that is current",Occasional,2016-01-01,2016-01-01,3

"Dimension ID","Dimension name","Dimension Notes","Dimension Definitions"
1,Geography,,
2,"Road assets",,
3,"Overall physical condition of assets",,

"Dimension ID","Member Name","Classification Code","Member ID","Parent Member ID",Terminated,"Member Notes","Member Definitions"
1,Canada,[11124],1,,,,
1,"Newfoundland and Labrador ",[10],2,1,,,
1,"Prince Edward Island ",[11],3,1,,,
1,"Nova Scotia ",[12],4,1,,,
1,"New Brunswick ",[13],5,1,,,
1,"Quebec ",[24],6,1,,,
1,Ontario,[35],7,1,,,
1,Manitoba,[46],8,1,,,
1,Saskatchewan,[47],9,1,,,
1,Alberta,[48],10,1,,,
1,"British Columbia",[59],11,1,,,
1,Yukon,[60],12,1,,,
1,"Northwest Territories",[61],13,1,,,
1,Nunavut,[62],14,1,,,
2,Highways,,1,,,,
2,"Arterial roads",,2,,,,
2,"Collector roads",,3,,,,
2,"Local roads",,4,,,,
2,"Lanes and alleys",,5,,,,
2,Sidewalks,,6,,,,
3,"Very poor",,1,,,3,
3,Poor,,2,,,4,
3,Fair,,3,,,5,
3,Good,,4,,,6,
3,"Very good",,5,,,7,
3,"Do not know",,6,,,,

Symbol Legend
Description,Symbol
"not available for a specific reference period",..
"less than the limit of detection",<LOD
"value rounded to 0 (zero) where there is a meaningful distinction between true zero and the value that was rounded",0s
"data quality: excellent",A
"data quality: very good",B
"data quality: good",C
"data quality: acceptable",D
"use with caution",E
"too unreliable to be published.",F
"not applicable",...
preliminary,p
revised,r
"suppressed to meet the confidentiality requirements of the Statistics Act",x
terminated,t

"Survey Code","Survey Name"
5173,"Canada's Core Public Infrastructure Survey"

"Subject Code","Subject Name"
34,Construction

"Note ID",Note
1,"Figures may not add to totals due to rounding."
2,"Length of road network in terms of 2-lane equivalent kilometres, where one kilometre of a four-lane highway is counted as two kilometres."
3,"Very poor: The asset is unfit for sustained service. Near or beyond expected service life, widespread signs of advanced deterioration, some assets may be unusable."
4,"Poor: Increasing potential of affecting service. The asset is approaching end of service life; condition below standard and a large portion of system exhibits significant deterioration."
5,"Fair: The asset requires attention. The assets show signs of deterioration and some elements exhibit deficiencies."
6,"Good: The asset is adequate. Acceptable, generally within mid stage of expected service life."
7,"Very good: Asset is fit for the future. Well maintained, good condition, new or recently rehabilitated."

"Correction ID","Correction Date","Correction Note"

