﻿"REF_DATE","GEO","DGUID","Road assets","Overall physical condition of assets","UOM","UOM_ID","SCALAR_FACTOR","SCALAR_ID","VECTOR","COORDINATE","VALUE","STATUS","SYMBOL","TERMINATED","DECIMALS"
"2016","Canada","2016A000011124","Highways","Very poor","Percentage","242","units ","0","v1001627184","1.1.1","8.5","A","","","1"
"2016","Canada","2016A000011124","Highways","Poor","Percentage","242","units ","0","v1001627190","1.1.2","8.6","A","","","1"
"2016","Canada","2016A000011124","Highways","Fair","Percentage","242","units ","0","v1001627196","1.1.3","22.8","A","","","1"
"2016","Canada","2016A000011124","Highways","Good","Percentage","242","units ","0","v1001627202","1.1.4","51.7","A","","","1"
"2016","Canada","2016A000011124","Highways","Very good","Percentage","242","units ","0","v1001627208","1.1.5","7.6","A","","","1"
"2016","Canada","2016A000011124","Highways","Do not know","Percentage","242","units ","0","v1001627214","1.1.6","0.8","A","","","1"
"2016","Canada","2016A000011124","Arterial roads","Very poor","Percentage","242","units ","0","v1001627185","1.2.1","6.7","A","","","1"
"2016","Canada","2016A000011124","Arterial roads","Poor","Percentage","242","units ","0","v1001627191","1.2.2","14.8","A","","","1"
"2016","Canada","2016A000011124","Arterial roads","Fair","Percentage","242","units ","0","v1001627197","1.2.3","23.8","A","","","1"
"2016","Canada","2016A000011124","Arterial roads","Good","Percentage","242","units ","0","v1001627203","1.2.4","31.3","A","","","1"
"2016","Canada","2016A000011124","Arterial roads","Very good","Percentage","242","units ","0","v1001627209","1.2.5","20.2","A","","","1"
"2016","Canada","2016A000011124","Arterial roads","Do not know","Percentage","242","units ","0","v1001627215","1.2.6","3.1","A","","","1"
"2016","Canada","2016A000011124","Collector roads","Very poor","Percentage","242","units ","0","v1001627186","1.3.1","6.2","A","","","1"
"2016","Canada","2016A000011124","Collector roads","Poor","Percentage","242","units ","0","v1001627192","1.3.2","14.5","A","","","1"
"2016","Canada","2016A000011124","Collector roads","Fair","Percentage","242","units ","0","v1001627198","1.3.3","25.7","A","","","1"
"2016","Canada","2016A000011124","Collector roads","Good","Percentage","242","units ","0","v1001627204","1.3.4","31.1","A","","","1"
"2016","Canada","2016A000011124","Collector roads","Very good","Percentage","242","units ","0","v1001627210","1.3.5","16.6","A","","","1"
"2016","Canada","2016A000011124","Collector roads","Do not know","Percentage","242","units ","0","v1001627216","1.3.6","5.9","A","","","1"
"2016","Canada","2016A000011124","Local roads","Very poor","Percentage","242","units ","0","v1001627187","1.4.1","5.5","A","","","1"
"2016","Canada","2016A000011124","Local roads","Poor","Percentage","242","units ","0","v1001627193","1.4.2","10.8","A","","","1"
"2016","Canada","2016A000011124","Local roads","Fair","Percentage","242","units ","0","v1001627199","1.4.3","23.9","A","","","1"
"2016","Canada","2016A000011124","Local roads","Good","Percentage","242","units ","0","v1001627205","1.4.4","34.9","A","","","1"
"2016","Canada","2016A000011124","Local roads","Very good","Percentage","242","units ","0","v1001627211","1.4.5","16.7","A","","","1"
"2016","Canada","2016A000011124","Local roads","Do not know","Percentage","242","units ","0","v1001627217","1.4.6","8.2","A","","","1"
"2016","Canada","2016A000011124","Lanes and alleys","Very poor","Percentage","242","units ","0","v1001627188","1.5.1","10.2","A","","","1"
"2016","Canada","2016A000011124","Lanes and alleys","Poor","Percentage","242","units ","0","v1001627194","1.5.2","9.1","A","","","1"
"2016","Canada","2016A000011124","Lanes and alleys","Fair","Percentage","242","units ","0","v1001627200","1.5.3","24.2","A","","","1"
"2016","Canada","2016A000011124","Lanes and alleys","Good","Percentage","242","units ","0","v1001627206","1.5.4","25.3","A","","","1"
"2016","Canada","2016A000011124","Lanes and alleys","Very good","Percentage","242","units ","0","v1001627212","1.5.5","12.0","A","","","1"
"2016","Canada","2016A000011124","Lanes and alleys","Do not know","Percentage","242","units ","0","v1001627218","1.5.6","19.3","A","","","1"
"2016","Canada","2016A000011124","Sidewalks","Very poor","Percentage","242","units ","0","v1001627189","1.6.1","1.7","A","","","1"
"2016","Canada","2016A000011124","Sidewalks","Poor","Percentage","242","units ","0","v1001627195","1.6.2","6.8","A","","","1"
"2016","Canada","2016A000011124","Sidewalks","Fair","Percentage","242","units ","0","v1001627201","1.6.3","14.0","A","","","1"
"2016","Canada","2016A000011124","Sidewalks","Good","Percentage","242","units ","0","v1001627207","1.6.4","28.2","A","","","1"
"2016","Canada","2016A000011124","Sidewalks","Very good","Percentage","242","units ","0","v1001627213","1.6.5","15.7","A","","","1"
"2016","Canada","2016A000011124","Sidewalks","Do not know","Percentage","242","units ","0","v1001627219","1.6.6","33.6","A","","","1"
"2016","Newfoundland and Labrador ","2016A000210","Highways","Very poor","Percentage","242","units ","0","v1001627220","2.1.1","0.0","","","","1"
"2016","Newfoundland and Labrador ","2016A000210","Highways","Poor","Percentage","242","units ","0","v1001627226","2.1.2","0.0","","","","1"
"2016","Newfoundland and Labrador ","2016A000210","Highways","Fair","Percentage","242","units ","0","v1001627232","2.1.3","85.0","A","","","1"
"2016","Newfoundland and Labrador ","2016A000210","Highways","Good","Percentage","242","units ","0","v1001627238","2.1.4","15.0","A","","","1"
"2016","Newfoundland and Labrador ","2016A000210","Highways","Very good","Percentage","242","units ","0","v1001627244","2.1.5","0.0","","","","1"
"2016","Newfoundland and Labrador ","2016A000210","Highways","Do not know","Percentage","242","units ","0","v1001627250","2.1.6","0.0","","","","1"
"2016","Newfoundland and Labrador ","2016A000210","Arterial roads","Very poor","Percentage","242","units ","0","v1001627221","2.2.1","6.5","A","","","1"
"2016","Newfoundland and Labrador ","2016A000210","Arterial roads","Poor","Percentage","242","units ","0","v1001627227","2.2.2","6.3","A","","","1"
"2016","Newfoundland and Labrador ","2016A000210","Arterial roads","Fair","Percentage","242","units ","0","v1001627233","2.2.3","28.1","A","","","1"
"2016","Newfoundland and Labrador ","2016A000210","Arterial roads","Good","Percentage","242","units ","0","v1001627239","2.2.4","42.8","A","","","1"
"2016","Newfoundland and Labrador ","2016A000210","Arterial roads","Very good","Percentage","242","units ","0","v1001627245","2.2.5","16.3","A","","","1"
"2016","Newfoundland and Labrador ","2016A000210","Arterial roads","Do not know","Percentage","242","units ","0","v1001627251","2.2.6","0.0","","","","1"
"2016","Newfoundland and Labrador ","2016A000210","Collector roads","Very poor","Percentage","242","units ","0","v1001627222","2.3.1","5.1","A","","","1"
"2016","Newfoundland and Labrador ","2016A000210","Collector roads","Poor","Percentage","242","units ","0","v1001627228","2.3.2","5.3","A","","","1"
"2016","Newfoundland and Labrador ","2016A000210","Collector roads","Fair","Percentage","242","units ","0","v1001627234","2.3.3","39.1","A","","","1"
"2016","Newfoundland and Labrador ","2016A000210","Collector roads","Good","Percentage","242","units ","0","v1001627240","2.3.4","31.8","A","","","1"
"2016","Newfoundland and Labrador ","2016A000210","Collector roads","Very good","Percentage","242","units ","0","v1001627246","2.3.5","18.7","A","","","1"
"2016","Newfoundland and Labrador ","2016A000210","Collector roads","Do not know","Percentage","242","units ","0","v1001627252","2.3.6","0.0","","","","1"
"2016","Newfoundland and Labrador ","2016A000210","Local roads","Very poor","Percentage","242","units ","0","v1001627223","2.4.1","6.5","A","","","1"
"2016","Newfoundland and Labrador ","2016A000210","Local roads","Poor","Percentage","242","units ","0","v1001627229","2.4.2","23.6","A","","","1"
"2016","Newfoundland and Labrador ","2016A000210","Local roads","Fair","Percentage","242","units ","0","v1001627235","2.4.3","38.3","A","","","1"
"2016","Newfoundland and Labrador ","2016A000210","Local roads","Good","Percentage","242","units ","0","v1001627241","2.4.4","24.0","A","","","1"
"2016","Newfoundland and Labrador ","2016A000210","Local roads","Very good","Percentage","242","units ","0","v1001627247","2.4.5","6.1","A","","","1"
"2016","Newfoundland and Labrador ","2016A000210","Local roads","Do not know","Percentage","242","units ","0","v1001627253","2.4.6","1.4","A","","","1"
"2016","Newfoundland and Labrador ","2016A000210","Lanes and alleys","Very poor","Percentage","242","units ","0","v1001627224","2.5.1","3.6","A","","","1"
"2016","Newfoundland and Labrador ","2016A000210","Lanes and alleys","Poor","Percentage","242","units ","0","v1001627230","2.5.2","39.9","B","","","1"
"2016","Newfoundland and Labrador ","2016A000210","Lanes and alleys","Fair","Percentage","242","units ","0","v1001627236","2.5.3","42.8","B","","","1"
"2016","Newfoundland and Labrador ","2016A000210","Lanes and alleys","Good","Percentage","242","units ","0","v1001627242","2.5.4","12.6","B","","","1"
"2016","Newfoundland and Labrador ","2016A000210","Lanes and alleys","Very good","Percentage","242","units ","0","v1001627248","2.5.5","1.1","A","","","1"
"2016","Newfoundland and Labrador ","2016A000210","Lanes and alleys","Do not know","Percentage","242","units ","0","v1001627254","2.5.6","0.0","","","","1"
"2016","Newfoundland and Labrador ","2016A000210","Sidewalks","Very poor","Percentage","242","units ","0","v1001627225","2.6.1","1.4","A","","","1"
"2016","Newfoundland and Labrador ","2016A000210","Sidewalks","Poor","Percentage","242","units ","0","v1001627231","2.6.2","8.9","A","","","1"
"2016","Newfoundland and Labrador ","2016A000210","Sidewalks","Fair","Percentage","242","units ","0","v1001627237","2.6.3","23.1","A","","","1"
"2016","Newfoundland and Labrador ","2016A000210","Sidewalks","Good","Percentage","242","units ","0","v1001627243","2.6.4","42.6","A","","","1"
"2016","Newfoundland and Labrador ","2016A000210","Sidewalks","Very good","Percentage","242","units ","0","v1001627249","2.6.5","19.0","A","","","1"
"2016","Newfoundland and Labrador ","2016A000210","Sidewalks","Do not know","Percentage","242","units ","0","v1001627255","2.6.6","4.9","A","","","1"
"2016","Prince Edward Island ","2016A000211","Highways","Very poor","Percentage","242","units ","0","v1001627256","3.1.1","0.0","","","","1"
"2016","Prince Edward Island ","2016A000211","Highways","Poor","Percentage","242","units ","0","v1001627262","3.1.2","0.0","","","","1"
"2016","Prince Edward Island ","2016A000211","Highways","Fair","Percentage","242","units ","0","v1001627268","3.1.3","30.0","A","","","1"
"2016","Prince Edward Island ","2016A000211","Highways","Good","Percentage","242","units ","0","v1001627274","3.1.4","70.0","A","","","1"
"2016","Prince Edward Island ","2016A000211","Highways","Very good","Percentage","242","units ","0","v1001627280","3.1.5","0.0","","","","1"
"2016","Prince Edward Island ","2016A000211","Highways","Do not know","Percentage","242","units ","0","v1001627286","3.1.6","0.0","","","","1"
"2016","Prince Edward Island ","2016A000211","Arterial roads","Very poor","Percentage","242","units ","0","v1001627257","3.2.1","0.0","","","","1"
"2016","Prince Edward Island ","2016A000211","Arterial roads","Poor","Percentage","242","units ","0","v1001627263","3.2.2","16.7","A","","","1"
"2016","Prince Edward Island ","2016A000211","Arterial roads","Fair","Percentage","242","units ","0","v1001627269","3.2.3","21.9","A","","","1"
"2016","Prince Edward Island ","2016A000211","Arterial roads","Good","Percentage","242","units ","0","v1001627275","3.2.4","61.4","A","","","1"
"2016","Prince Edward Island ","2016A000211","Arterial roads","Very good","Percentage","242","units ","0","v1001627281","3.2.5","0.0","","","","1"
"2016","Prince Edward Island ","2016A000211","Arterial roads","Do not know","Percentage","242","units ","0","v1001627287","3.2.6","0.0","","","","1"
"2016","Prince Edward Island ","2016A000211","Collector roads","Very poor","Percentage","242","units ","0","v1001627258","3.3.1","0.0","","","","1"
"2016","Prince Edward Island ","2016A000211","Collector roads","Poor","Percentage","242","units ","0","v1001627264","3.3.2","30.1","A","","","1"
"2016","Prince Edward Island ","2016A000211","Collector roads","Fair","Percentage","242","units ","0","v1001627270","3.3.3","23.9","A","","","1"
"2016","Prince Edward Island ","2016A000211","Collector roads","Good","Percentage","242","units ","0","v1001627276","3.3.4","40.7","A","","","1"
"2016","Prince Edward Island ","2016A000211","Collector roads","Very good","Percentage","242","units ","0","v1001627282","3.3.5","5.3","A","","","1"
"2016","Prince Edward Island ","2016A000211","Collector roads","Do not know","Percentage","242","units ","0","v1001627288","3.3.6","0.0","","","","1"
"2016","Prince Edward Island ","2016A000211","Local roads","Very poor","Percentage","242","units ","0","v1001627259","3.4.1","15.8","A","","","1"
"2016","Prince Edward Island ","2016A000211","Local roads","Poor","Percentage","242","units ","0","v1001627265","3.4.2","14.9","A","","","1"
"2016","Prince Edward Island ","2016A000211","Local roads","Fair","Percentage","242","units ","0","v1001627271","3.4.3","10.8","A","","","1"
"2016","Prince Edward Island ","2016A000211","Local roads","Good","Percentage","242","units ","0","v1001627277","3.4.4","15.0","A","","","1"
"2016","Prince Edward Island ","2016A000211","Local roads","Very good","Percentage","242","units ","0","v1001627283","3.4.5","11.8","A","","","1"
"2016","Prince Edward Island ","2016A000211","Local roads","Do not know","Percentage","242","units ","0","v1001627289","3.4.6","31.6","A","","","1"
"2016","Prince Edward Island ","2016A000211","Sidewalks","Very poor","Percentage","242","units ","0","v1001627261","3.6.1","0.0","","","","1"
"2016","Prince Edward Island ","2016A000211","Sidewalks","Poor","Percentage","242","units ","0","v1001627267","3.6.2","1.3","A","","","1"
"2016","Prince Edward Island ","2016A000211","Sidewalks","Fair","Percentage","242","units ","0","v1001627273","3.6.3","25.0","A","","","1"
"2016","Prince Edward Island ","2016A000211","Sidewalks","Good","Percentage","242","units ","0","v1001627279","3.6.4","55.2","A","","","1"
"2016","Prince Edward Island ","2016A000211","Sidewalks","Very good","Percentage","242","units ","0","v1001627285","3.6.5","18.6","A","","","1"
"2016","Prince Edward Island ","2016A000211","Sidewalks","Do not know","Percentage","242","units ","0","v1001627291","3.6.6","0.0","","","","1"
"2016","Nova Scotia ","2016A000212","Highways","Very poor","Percentage","242","units ","0","v1001627292","4.1.1","0.0","","","","1"
"2016","Nova Scotia ","2016A000212","Highways","Poor","Percentage","242","units ","0","v1001627298","4.1.2","49.0","A","","","1"
"2016","Nova Scotia ","2016A000212","Highways","Fair","Percentage","242","units ","0","v1001627304","4.1.3","47.0","A","","","1"
"2016","Nova Scotia ","2016A000212","Highways","Good","Percentage","242","units ","0","v1001627310","4.1.4","4.0","A","","","1"
"2016","Nova Scotia ","2016A000212","Highways","Very good","Percentage","242","units ","0","v1001627316","4.1.5","0.0","","","","1"
"2016","Nova Scotia ","2016A000212","Highways","Do not know","Percentage","242","units ","0","v1001627322","4.1.6","0.0","","","","1"
"2016","Nova Scotia ","2016A000212","Arterial roads","Very poor","Percentage","242","units ","0","v1001627293","4.2.1","0.2","A","","","1"
"2016","Nova Scotia ","2016A000212","Arterial roads","Poor","Percentage","242","units ","0","v1001627299","4.2.2","43.0","A","","","1"
"2016","Nova Scotia ","2016A000212","Arterial roads","Fair","Percentage","242","units ","0","v1001627305","4.2.3","37.4","A","","","1"
"2016","Nova Scotia ","2016A000212","Arterial roads","Good","Percentage","242","units ","0","v1001627311","4.2.4","10.9","A","","","1"
"2016","Nova Scotia ","2016A000212","Arterial roads","Very good","Percentage","242","units ","0","v1001627317","4.2.5","8.5","A","","","1"
"2016","Nova Scotia ","2016A000212","Arterial roads","Do not know","Percentage","242","units ","0","v1001627323","4.2.6","0.0","","","","1"
"2016","Nova Scotia ","2016A000212","Collector roads","Very poor","Percentage","242","units ","0","v1001627294","4.3.1","9.5","A","","","1"
"2016","Nova Scotia ","2016A000212","Collector roads","Poor","Percentage","242","units ","0","v1001627300","4.3.2","29.5","A","","","1"
"2016","Nova Scotia ","2016A000212","Collector roads","Fair","Percentage","242","units ","0","v1001627306","4.3.3","26.9","A","","","1"
"2016","Nova Scotia ","2016A000212","Collector roads","Good","Percentage","242","units ","0","v1001627312","4.3.4","20.1","A","","","1"
"2016","Nova Scotia ","2016A000212","Collector roads","Very good","Percentage","242","units ","0","v1001627318","4.3.5","11.5","A","","","1"
"2016","Nova Scotia ","2016A000212","Collector roads","Do not know","Percentage","242","units ","0","v1001627324","4.3.6","2.5","A","","","1"
"2016","Nova Scotia ","2016A000212","Local roads","Very poor","Percentage","242","units ","0","v1001627295","4.4.1","15.4","A","","","1"
"2016","Nova Scotia ","2016A000212","Local roads","Poor","Percentage","242","units ","0","v1001627301","4.4.2","15.3","A","","","1"
"2016","Nova Scotia ","2016A000212","Local roads","Fair","Percentage","242","units ","0","v1001627307","4.4.3","13.0","A","","","1"
"2016","Nova Scotia ","2016A000212","Local roads","Good","Percentage","242","units ","0","v1001627313","4.4.4","13.3","A","","","1"
"2016","Nova Scotia ","2016A000212","Local roads","Very good","Percentage","242","units ","0","v1001627319","4.4.5","13.8","A","","","1"
"2016","Nova Scotia ","2016A000212","Local roads","Do not know","Percentage","242","units ","0","v1001627325","4.4.6","29.2","A","","","1"
"2016","Nova Scotia ","2016A000212","Lanes and alleys","Very poor","Percentage","242","units ","0","v1001627296","4.5.1","0.0","","","","1"
"2016","Nova Scotia ","2016A000212","Lanes and alleys","Poor","Percentage","242","units ","0","v1001627302","4.5.2","0.0","","","","1"
"2016","Nova Scotia ","2016A000212","Lanes and alleys","Fair","Percentage","242","units ","0","v1001627308","4.5.3","52.0","A","","","1"
"2016","Nova Scotia ","2016A000212","Lanes and alleys","Good","Percentage","242","units ","0","v1001627314","4.5.4","32.0","A","","","1"
"2016","Nova Scotia ","2016A000212","Lanes and alleys","Very good","Percentage","242","units ","0","v1001627320","4.5.5","0.0","","","","1"
"2016","Nova Scotia ","2016A000212","Lanes and alleys","Do not know","Percentage","242","units ","0","v1001627326","4.5.6","16.0","A","","","1"
"2016","Nova Scotia ","2016A000212","Sidewalks","Very poor","Percentage","242","units ","0","v1001627297","4.6.1","2.5","A","","","1"
"2016","Nova Scotia ","2016A000212","Sidewalks","Poor","Percentage","242","units ","0","v1001627303","4.6.2","5.4","A","","","1"
"2016","Nova Scotia ","2016A000212","Sidewalks","Fair","Percentage","242","units ","0","v1001627309","4.6.3","14.9","A","","","1"
"2016","Nova Scotia ","2016A000212","Sidewalks","Good","Percentage","242","units ","0","v1001627315","4.6.4","29.7","A","","","1"
"2016","Nova Scotia ","2016A000212","Sidewalks","Very good","Percentage","242","units ","0","v1001627321","4.6.5","43.1","A","","","1"
"2016","Nova Scotia ","2016A000212","Sidewalks","Do not know","Percentage","242","units ","0","v1001627327","4.6.6","4.4","A","","","1"
"2016","New Brunswick ","2016A000213","Highways","Very poor","Percentage","242","units ","0","v1001627328","5.1.1","10.0","A","","","1"
"2016","New Brunswick ","2016A000213","Highways","Poor","Percentage","242","units ","0","v1001627334","5.1.2","6.0","A","","","1"
"2016","New Brunswick ","2016A000213","Highways","Fair","Percentage","242","units ","0","v1001627340","5.1.3","40.0","A","","","1"
"2016","New Brunswick ","2016A000213","Highways","Good","Percentage","242","units ","0","v1001627346","5.1.4","17.0","A","","","1"
"2016","New Brunswick ","2016A000213","Highways","Very good","Percentage","242","units ","0","v1001627352","5.1.5","27.0","A","","","1"
"2016","New Brunswick ","2016A000213","Highways","Do not know","Percentage","242","units ","0","v1001627358","5.1.6","0.0","","","","1"
"2016","New Brunswick ","2016A000213","Arterial roads","Very poor","Percentage","242","units ","0","v1001627329","5.2.1","5.1","A","","","1"
"2016","New Brunswick ","2016A000213","Arterial roads","Poor","Percentage","242","units ","0","v1001627335","5.2.2","6.0","A","","","1"
"2016","New Brunswick ","2016A000213","Arterial roads","Fair","Percentage","242","units ","0","v1001627341","5.2.3","29.1","A","","","1"
"2016","New Brunswick ","2016A000213","Arterial roads","Good","Percentage","242","units ","0","v1001627347","5.2.4","13.9","A","","","1"
"2016","New Brunswick ","2016A000213","Arterial roads","Very good","Percentage","242","units ","0","v1001627353","5.2.5","45.8","A","","","1"
"2016","New Brunswick ","2016A000213","Arterial roads","Do not know","Percentage","242","units ","0","v1001627359","5.2.6","0.0","","","","1"
"2016","New Brunswick ","2016A000213","Collector roads","Very poor","Percentage","242","units ","0","v1001627330","5.3.1","3.7","A","","","1"
"2016","New Brunswick ","2016A000213","Collector roads","Poor","Percentage","242","units ","0","v1001627336","5.3.2","3.5","A","","","1"
"2016","New Brunswick ","2016A000213","Collector roads","Fair","Percentage","242","units ","0","v1001627342","5.3.3","12.2","A","","","1"
"2016","New Brunswick ","2016A000213","Collector roads","Good","Percentage","242","units ","0","v1001627348","5.3.4","10.2","A","","","1"
"2016","New Brunswick ","2016A000213","Collector roads","Very good","Percentage","242","units ","0","v1001627354","5.3.5","70.4","A","","","1"
"2016","New Brunswick ","2016A000213","Collector roads","Do not know","Percentage","242","units ","0","v1001627360","5.3.6","0.0","","","","1"
"2016","New Brunswick ","2016A000213","Local roads","Very poor","Percentage","242","units ","0","v1001627331","5.4.1","9.8","A","","","1"
"2016","New Brunswick ","2016A000213","Local roads","Poor","Percentage","242","units ","0","v1001627337","5.4.2","8.6","A","","","1"
"2016","New Brunswick ","2016A000213","Local roads","Fair","Percentage","242","units ","0","v1001627343","5.4.3","45.6","A","","","1"
"2016","New Brunswick ","2016A000213","Local roads","Good","Percentage","242","units ","0","v1001627349","5.4.4","22.6","A","","","1"
"2016","New Brunswick ","2016A000213","Local roads","Very good","Percentage","242","units ","0","v1001627355","5.4.5","12.8","A","","","1"
"2016","New Brunswick ","2016A000213","Local roads","Do not know","Percentage","242","units ","0","v1001627361","5.4.6","0.7","A","","","1"
"2016","New Brunswick ","2016A000213","Lanes and alleys","Very poor","Percentage","242","units ","0","v1001627332","5.5.1","0.0","","","","1"
"2016","New Brunswick ","2016A000213","Lanes and alleys","Poor","Percentage","242","units ","0","v1001627338","5.5.2","10.1","A","","","1"
"2016","New Brunswick ","2016A000213","Lanes and alleys","Fair","Percentage","242","units ","0","v1001627344","5.5.3","30.6","A","","","1"
"2016","New Brunswick ","2016A000213","Lanes and alleys","Good","Percentage","242","units ","0","v1001627350","5.5.4","53.7","A","","","1"
"2016","New Brunswick ","2016A000213","Lanes and alleys","Very good","Percentage","242","units ","0","v1001627356","5.5.5","5.6","A","","","1"
"2016","New Brunswick ","2016A000213","Lanes and alleys","Do not know","Percentage","242","units ","0","v1001627362","5.5.6","0.0","","","","1"
"2016","New Brunswick ","2016A000213","Sidewalks","Very poor","Percentage","242","units ","0","v1001627333","5.6.1","0.9","A","","","1"
"2016","New Brunswick ","2016A000213","Sidewalks","Poor","Percentage","242","units ","0","v1001627339","5.6.2","11.9","A","","","1"
"2016","New Brunswick ","2016A000213","Sidewalks","Fair","Percentage","242","units ","0","v1001627345","5.6.3","15.7","A","","","1"
"2016","New Brunswick ","2016A000213","Sidewalks","Good","Percentage","242","units ","0","v1001627351","5.6.4","53.3","A","","","1"
"2016","New Brunswick ","2016A000213","Sidewalks","Very good","Percentage","242","units ","0","v1001627357","5.6.5","15.3","A","","","1"
"2016","New Brunswick ","2016A000213","Sidewalks","Do not know","Percentage","242","units ","0","v1001627363","5.6.6","2.9","A","","","1"
"2016","Quebec ","2016A000224","Highways","Very poor","Percentage","242","units ","0","v1001627364","6.1.1","15.4","A","","","1"
"2016","Quebec ","2016A000224","Highways","Poor","Percentage","242","units ","0","v1001627370","6.1.2","20.2","A","","","1"
"2016","Quebec ","2016A000224","Highways","Fair","Percentage","242","units ","0","v1001627376","6.1.3","15.6","A","","","1"
"2016","Quebec ","2016A000224","Highways","Good","Percentage","242","units ","0","v1001627382","6.1.4","38.8","A","","","1"
"2016","Quebec ","2016A000224","Highways","Very good","Percentage","242","units ","0","v1001627388","6.1.5","7.4","A","","","1"
"2016","Quebec ","2016A000224","Highways","Do not know","Percentage","242","units ","0","v1001627394","6.1.6","2.7","B","","","1"
"2016","Quebec ","2016A000224","Arterial roads","Very poor","Percentage","242","units ","0","v1001627365","6.2.1","19.5","A","","","1"
"2016","Quebec ","2016A000224","Arterial roads","Poor","Percentage","242","units ","0","v1001627371","6.2.2","24.1","A","","","1"
"2016","Quebec ","2016A000224","Arterial roads","Fair","Percentage","242","units ","0","v1001627377","6.2.3","15.8","A","","","1"
"2016","Quebec ","2016A000224","Arterial roads","Good","Percentage","242","units ","0","v1001627383","6.2.4","23.0","A","","","1"
"2016","Quebec ","2016A000224","Arterial roads","Very good","Percentage","242","units ","0","v1001627389","6.2.5","17.4","A","","","1"
"2016","Quebec ","2016A000224","Arterial roads","Do not know","Percentage","242","units ","0","v1001627395","6.2.6","0.3","A","","","1"
"2016","Quebec ","2016A000224","Collector roads","Very poor","Percentage","242","units ","0","v1001627366","6.3.1","19.8","A","","","1"
"2016","Quebec ","2016A000224","Collector roads","Poor","Percentage","242","units ","0","v1001627372","6.3.2","19.1","A","","","1"
"2016","Quebec ","2016A000224","Collector roads","Fair","Percentage","242","units ","0","v1001627378","6.3.3","17.4","A","","","1"
"2016","Quebec ","2016A000224","Collector roads","Good","Percentage","242","units ","0","v1001627384","6.3.4","25.2","A","","","1"
"2016","Quebec ","2016A000224","Collector roads","Very good","Percentage","242","units ","0","v1001627390","6.3.5","16.5","A","","","1"
"2016","Quebec ","2016A000224","Collector roads","Do not know","Percentage","242","units ","0","v1001627396","6.3.6","2.0","A","","","1"
"2016","Quebec ","2016A000224","Local roads","Very poor","Percentage","242","units ","0","v1001627367","6.4.1","8.0","A","","","1"
"2016","Quebec ","2016A000224","Local roads","Poor","Percentage","242","units ","0","v1001627373","6.4.2","16.5","A","","","1"
"2016","Quebec ","2016A000224","Local roads","Fair","Percentage","242","units ","0","v1001627379","6.4.3","21.2","A","","","1"
"2016","Quebec ","2016A000224","Local roads","Good","Percentage","242","units ","0","v1001627385","6.4.4","31.5","A","","","1"
"2016","Quebec ","2016A000224","Local roads","Very good","Percentage","242","units ","0","v1001627391","6.4.5","19.2","A","","","1"
"2016","Quebec ","2016A000224","Local roads","Do not know","Percentage","242","units ","0","v1001627397","6.4.6","3.7","A","","","1"
"2016","Quebec ","2016A000224","Lanes and alleys","Very poor","Percentage","242","units ","0","v1001627368","6.5.1","4.5","A","","","1"
"2016","Quebec ","2016A000224","Lanes and alleys","Poor","Percentage","242","units ","0","v1001627374","6.5.2","6.6","A","","","1"
"2016","Quebec ","2016A000224","Lanes and alleys","Fair","Percentage","242","units ","0","v1001627380","6.5.3","14.3","A","","","1"
"2016","Quebec ","2016A000224","Lanes and alleys","Good","Percentage","242","units ","0","v1001627386","6.5.4","38.0","B","","","1"
"2016","Quebec ","2016A000224","Lanes and alleys","Very good","Percentage","242","units ","0","v1001627392","6.5.5","29.1","C","","","1"
"2016","Quebec ","2016A000224","Lanes and alleys","Do not know","Percentage","242","units ","0","v1001627398","6.5.6","7.4","A","","","1"
"2016","Quebec ","2016A000224","Sidewalks","Very poor","Percentage","242","units ","0","v1001627369","6.6.1","1.5","A","","","1"
"2016","Quebec ","2016A000224","Sidewalks","Poor","Percentage","242","units ","0","v1001627375","6.6.2","5.5","A","","","1"
"2016","Quebec ","2016A000224","Sidewalks","Fair","Percentage","242","units ","0","v1001627381","6.6.3","7.5","A","","","1"
"2016","Quebec ","2016A000224","Sidewalks","Good","Percentage","242","units ","0","v1001627387","6.6.4","12.1","A","","","1"
"2016","Quebec ","2016A000224","Sidewalks","Very good","Percentage","242","units ","0","v1001627393","6.6.5","23.5","A","","","1"
"2016","Quebec ","2016A000224","Sidewalks","Do not know","Percentage","242","units ","0","v1001627399","6.6.6","49.9","A","","","1"
"2016","Ontario","2016A000235","Highways","Very poor","Percentage","242","units ","0","v1001627400","7.1.1","0.0","A","","","1"
"2016","Ontario","2016A000235","Highways","Poor","Percentage","242","units ","0","v1001627406","7.1.2","3.2","A","","","1"
"2016","Ontario","2016A000235","Highways","Fair","Percentage","242","units ","0","v1001627412","7.1.3","20.7","A","","","1"
"2016","Ontario","2016A000235","Highways","Good","Percentage","242","units ","0","v1001627418","7.1.4","51.6","A","","","1"
"2016","Ontario","2016A000235","Highways","Very good","Percentage","242","units ","0","v1001627424","7.1.5","24.3","A","","","1"
"2016","Ontario","2016A000235","Highways","Do not know","Percentage","242","units ","0","v1001627430","7.1.6","0.1","A","","","1"
"2016","Ontario","2016A000235","Arterial roads","Very poor","Percentage","242","units ","0","v1001627401","7.2.1","4.0","A","","","1"
"2016","Ontario","2016A000235","Arterial roads","Poor","Percentage","242","units ","0","v1001627407","7.2.2","10.4","A","","","1"
"2016","Ontario","2016A000235","Arterial roads","Fair","Percentage","242","units ","0","v1001627413","7.2.3","25.3","A","","","1"
"2016","Ontario","2016A000235","Arterial roads","Good","Percentage","242","units ","0","v1001627419","7.2.4","29.8","A","","","1"
"2016","Ontario","2016A000235","Arterial roads","Very good","Percentage","242","units ","0","v1001627425","7.2.5","27.4","A","","","1"
"2016","Ontario","2016A000235","Arterial roads","Do not know","Percentage","242","units ","0","v1001627431","7.2.6","3.1","A","","","1"
"2016","Ontario","2016A000235","Collector roads","Very poor","Percentage","242","units ","0","v1001627402","7.3.1","2.6","A","","","1"
"2016","Ontario","2016A000235","Collector roads","Poor","Percentage","242","units ","0","v1001627408","7.3.2","9.3","A","","","1"
"2016","Ontario","2016A000235","Collector roads","Fair","Percentage","242","units ","0","v1001627414","7.3.3","23.7","A","","","1"
"2016","Ontario","2016A000235","Collector roads","Good","Percentage","242","units ","0","v1001627420","7.3.4","33.8","A","","","1"
"2016","Ontario","2016A000235","Collector roads","Very good","Percentage","242","units ","0","v1001627426","7.3.5","28.4","A","","","1"
"2016","Ontario","2016A000235","Collector roads","Do not know","Percentage","242","units ","0","v1001627432","7.3.6","2.2","A","","","1"
"2016","Ontario","2016A000235","Local roads","Very poor","Percentage","242","units ","0","v1001627403","7.4.1","6.8","A","","","1"
"2016","Ontario","2016A000235","Local roads","Poor","Percentage","242","units ","0","v1001627409","7.4.2","10.2","A","","","1"
"2016","Ontario","2016A000235","Local roads","Fair","Percentage","242","units ","0","v1001627415","7.4.3","23.6","A","","","1"
"2016","Ontario","2016A000235","Local roads","Good","Percentage","242","units ","0","v1001627421","7.4.4","31.8","A","","","1"
"2016","Ontario","2016A000235","Local roads","Very good","Percentage","242","units ","0","v1001627427","7.4.5","21.7","A","","","1"
"2016","Ontario","2016A000235","Local roads","Do not know","Percentage","242","units ","0","v1001627433","7.4.6","5.9","A","","","1"
"2016","Ontario","2016A000235","Lanes and alleys","Very poor","Percentage","242","units ","0","v1001627404","7.5.1","2.9","A","","","1"
"2016","Ontario","2016A000235","Lanes and alleys","Poor","Percentage","242","units ","0","v1001627410","7.5.2","4.7","A","","","1"
"2016","Ontario","2016A000235","Lanes and alleys","Fair","Percentage","242","units ","0","v1001627416","7.5.3","19.8","A","","","1"
"2016","Ontario","2016A000235","Lanes and alleys","Good","Percentage","242","units ","0","v1001627422","7.5.4","30.6","B","","","1"
"2016","Ontario","2016A000235","Lanes and alleys","Very good","Percentage","242","units ","0","v1001627428","7.5.5","26.1","A","","","1"
"2016","Ontario","2016A000235","Lanes and alleys","Do not know","Percentage","242","units ","0","v1001627434","7.5.6","15.9","A","","","1"
"2016","Ontario","2016A000235","Sidewalks","Very poor","Percentage","242","units ","0","v1001627405","7.6.1","2.4","A","","","1"
"2016","Ontario","2016A000235","Sidewalks","Poor","Percentage","242","units ","0","v1001627411","7.6.2","5.2","A","","","1"
"2016","Ontario","2016A000235","Sidewalks","Fair","Percentage","242","units ","0","v1001627417","7.6.3","12.8","A","","","1"
"2016","Ontario","2016A000235","Sidewalks","Good","Percentage","242","units ","0","v1001627423","7.6.4","19.1","A","","","1"
"2016","Ontario","2016A000235","Sidewalks","Very good","Percentage","242","units ","0","v1001627429","7.6.5","15.7","A","","","1"
"2016","Ontario","2016A000235","Sidewalks","Do not know","Percentage","242","units ","0","v1001627435","7.6.6","44.9","A","","","1"
"2016","Manitoba","2016A000246","Highways","Very poor","Percentage","242","units ","0","v1001627436","8.1.1","0.0","","","","1"
"2016","Manitoba","2016A000246","Highways","Poor","Percentage","242","units ","0","v1001627442","8.1.2","5.8","A","","","1"
"2016","Manitoba","2016A000246","Highways","Fair","Percentage","242","units ","0","v1001627448","8.1.3","26.0","A","","","1"
"2016","Manitoba","2016A000246","Highways","Good","Percentage","242","units ","0","v1001627454","8.1.4","48.6","A","","","1"
"2016","Manitoba","2016A000246","Highways","Very good","Percentage","242","units ","0","v1001627460","8.1.5","17.6","A","","","1"
"2016","Manitoba","2016A000246","Highways","Do not know","Percentage","242","units ","0","v1001627466","8.1.6","1.9","A","","","1"
"2016","Manitoba","2016A000246","Arterial roads","Very poor","Percentage","242","units ","0","v1001627437","8.2.1","0.3","A","","","1"
"2016","Manitoba","2016A000246","Arterial roads","Poor","Percentage","242","units ","0","v1001627443","8.2.2","15.9","A","","","1"
"2016","Manitoba","2016A000246","Arterial roads","Fair","Percentage","242","units ","0","v1001627449","8.2.3","36.2","A","","","1"
"2016","Manitoba","2016A000246","Arterial roads","Good","Percentage","242","units ","0","v1001627455","8.2.4","38.9","A","","","1"
"2016","Manitoba","2016A000246","Arterial roads","Very good","Percentage","242","units ","0","v1001627461","8.2.5","7.8","A","","","1"
"2016","Manitoba","2016A000246","Arterial roads","Do not know","Percentage","242","units ","0","v1001627467","8.2.6","0.9","A","","","1"
"2016","Manitoba","2016A000246","Collector roads","Very poor","Percentage","242","units ","0","v1001627438","8.3.1","0.4","A","","","1"
"2016","Manitoba","2016A000246","Collector roads","Poor","Percentage","242","units ","0","v1001627444","8.3.2","19.4","A","","","1"
"2016","Manitoba","2016A000246","Collector roads","Fair","Percentage","242","units ","0","v1001627450","8.3.3","29.3","B","","","1"
"2016","Manitoba","2016A000246","Collector roads","Good","Percentage","242","units ","0","v1001627456","8.3.4","34.6","C","","","1"
"2016","Manitoba","2016A000246","Collector roads","Very good","Percentage","242","units ","0","v1001627462","8.3.5","2.4","A","","","1"
"2016","Manitoba","2016A000246","Collector roads","Do not know","Percentage","242","units ","0","v1001627468","8.3.6","14.0","A","","","1"
"2016","Manitoba","2016A000246","Local roads","Very poor","Percentage","242","units ","0","v1001627439","8.4.1","1.2","A","","","1"
"2016","Manitoba","2016A000246","Local roads","Poor","Percentage","242","units ","0","v1001627445","8.4.2","11.8","B","","","1"
"2016","Manitoba","2016A000246","Local roads","Fair","Percentage","242","units ","0","v1001627451","8.4.3","25.8","B","","","1"
"2016","Manitoba","2016A000246","Local roads","Good","Percentage","242","units ","0","v1001627457","8.4.4","40.4","B","","","1"
"2016","Manitoba","2016A000246","Local roads","Very good","Percentage","242","units ","0","v1001627463","8.4.5","14.9","B","","","1"
"2016","Manitoba","2016A000246","Local roads","Do not know","Percentage","242","units ","0","v1001627469","8.4.6","5.9","A","","","1"
"2016","Manitoba","2016A000246","Lanes and alleys","Very poor","Percentage","242","units ","0","v1001627440","8.5.1","4.0","A","","","1"
"2016","Manitoba","2016A000246","Lanes and alleys","Poor","Percentage","242","units ","0","v1001627446","8.5.2","5.1","A","","","1"
"2016","Manitoba","2016A000246","Lanes and alleys","Fair","Percentage","242","units ","0","v1001627452","8.5.3","45.1","B","","","1"
"2016","Manitoba","2016A000246","Lanes and alleys","Good","Percentage","242","units ","0","v1001627458","8.5.4","27.1","B","","","1"
"2016","Manitoba","2016A000246","Lanes and alleys","Very good","Percentage","242","units ","0","v1001627464","8.5.5","1.6","A","","","1"
"2016","Manitoba","2016A000246","Lanes and alleys","Do not know","Percentage","242","units ","0","v1001627470","8.5.6","17.2","A","","","1"
"2016","Manitoba","2016A000246","Sidewalks","Very poor","Percentage","242","units ","0","v1001627441","8.6.1","0.2","A","","","1"
"2016","Manitoba","2016A000246","Sidewalks","Poor","Percentage","242","units ","0","v1001627447","8.6.2","10.4","B","","","1"
"2016","Manitoba","2016A000246","Sidewalks","Fair","Percentage","242","units ","0","v1001627453","8.6.3","15.1","B","","","1"
"2016","Manitoba","2016A000246","Sidewalks","Good","Percentage","242","units ","0","v1001627459","8.6.4","18.2","A","","","1"
"2016","Manitoba","2016A000246","Sidewalks","Very good","Percentage","242","units ","0","v1001627465","8.6.5","12.8","C","","","1"
"2016","Manitoba","2016A000246","Sidewalks","Do not know","Percentage","242","units ","0","v1001627471","8.6.6","43.2","D","","","1"
"2016","Saskatchewan","2016A000247","Highways","Very poor","Percentage","242","units ","0","v1001627472","9.1.1","11.5","A","","","1"
"2016","Saskatchewan","2016A000247","Highways","Poor","Percentage","242","units ","0","v1001627478","9.1.2","19.2","A","","","1"
"2016","Saskatchewan","2016A000247","Highways","Fair","Percentage","242","units ","0","v1001627484","9.1.3","17.5","A","","","1"
"2016","Saskatchewan","2016A000247","Highways","Good","Percentage","242","units ","0","v1001627490","9.1.4","49.4","A","","","1"
"2016","Saskatchewan","2016A000247","Highways","Very good","Percentage","242","units ","0","v1001627496","9.1.5","2.3","A","","","1"
"2016","Saskatchewan","2016A000247","Highways","Do not know","Percentage","242","units ","0","v1001627502","9.1.6","0.0","A","","","1"
"2016","Saskatchewan","2016A000247","Arterial roads","Very poor","Percentage","242","units ","0","v1001627473","9.2.1","3.0","A","","","1"
"2016","Saskatchewan","2016A000247","Arterial roads","Poor","Percentage","242","units ","0","v1001627479","9.2.2","8.5","A","","","1"
"2016","Saskatchewan","2016A000247","Arterial roads","Fair","Percentage","242","units ","0","v1001627485","9.2.3","41.3","A","","","1"
"2016","Saskatchewan","2016A000247","Arterial roads","Good","Percentage","242","units ","0","v1001627491","9.2.4","36.2","A","","","1"
"2016","Saskatchewan","2016A000247","Arterial roads","Very good","Percentage","242","units ","0","v1001627497","9.2.5","10.9","A","","","1"
"2016","Saskatchewan","2016A000247","Arterial roads","Do not know","Percentage","242","units ","0","v1001627503","9.2.6","0.1","A","","","1"
"2016","Saskatchewan","2016A000247","Collector roads","Very poor","Percentage","242","units ","0","v1001627474","9.3.1","1.4","A","","","1"
"2016","Saskatchewan","2016A000247","Collector roads","Poor","Percentage","242","units ","0","v1001627480","9.3.2","8.5","A","","","1"
"2016","Saskatchewan","2016A000247","Collector roads","Fair","Percentage","242","units ","0","v1001627486","9.3.3","34.0","A","","","1"
"2016","Saskatchewan","2016A000247","Collector roads","Good","Percentage","242","units ","0","v1001627492","9.3.4","50.6","A","","","1"
"2016","Saskatchewan","2016A000247","Collector roads","Very good","Percentage","242","units ","0","v1001627498","9.3.5","4.9","A","","","1"
"2016","Saskatchewan","2016A000247","Collector roads","Do not know","Percentage","242","units ","0","v1001627504","9.3.6","0.6","A","","","1"
"2016","Saskatchewan","2016A000247","Local roads","Very poor","Percentage","242","units ","0","v1001627475","9.4.1","0.5","A","","","1"
"2016","Saskatchewan","2016A000247","Local roads","Poor","Percentage","242","units ","0","v1001627481","9.4.2","7.0","A","","","1"
"2016","Saskatchewan","2016A000247","Local roads","Fair","Percentage","242","units ","0","v1001627487","9.4.3","30.2","A","","","1"
"2016","Saskatchewan","2016A000247","Local roads","Good","Percentage","242","units ","0","v1001627493","9.4.4","39.5","A","","","1"
"2016","Saskatchewan","2016A000247","Local roads","Very good","Percentage","242","units ","0","v1001627499","9.4.5","16.7","A","","","1"
"2016","Saskatchewan","2016A000247","Local roads","Do not know","Percentage","242","units ","0","v1001627505","9.4.6","6.2","A","","","1"
"2016","Saskatchewan","2016A000247","Lanes and alleys","Very poor","Percentage","242","units ","0","v1001627476","9.5.1","0.1","A","","","1"
"2016","Saskatchewan","2016A000247","Lanes and alleys","Poor","Percentage","242","units ","0","v1001627482","9.5.2","9.0","A","","","1"
"2016","Saskatchewan","2016A000247","Lanes and alleys","Fair","Percentage","242","units ","0","v1001627488","9.5.3","30.4","A","","","1"
"2016","Saskatchewan","2016A000247","Lanes and alleys","Good","Percentage","242","units ","0","v1001627494","9.5.4","30.8","A","","","1"
"2016","Saskatchewan","2016A000247","Lanes and alleys","Very good","Percentage","242","units ","0","v1001627500","9.5.5","18.1","A","","","1"
"2016","Saskatchewan","2016A000247","Lanes and alleys","Do not know","Percentage","242","units ","0","v1001627506","9.5.6","11.5","A","","","1"
"2016","Saskatchewan","2016A000247","Sidewalks","Very poor","Percentage","242","units ","0","v1001627477","9.6.1","1.6","A","","","1"
"2016","Saskatchewan","2016A000247","Sidewalks","Poor","Percentage","242","units ","0","v1001627483","9.6.2","13.4","A","","","1"
"2016","Saskatchewan","2016A000247","Sidewalks","Fair","Percentage","242","units ","0","v1001627489","9.6.3","24.0","A","","","1"
"2016","Saskatchewan","2016A000247","Sidewalks","Good","Percentage","242","units ","0","v1001627495","9.6.4","37.6","A","","","1"
"2016","Saskatchewan","2016A000247","Sidewalks","Very good","Percentage","242","units ","0","v1001627501","9.6.5","6.5","A","","","1"
"2016","Saskatchewan","2016A000247","Sidewalks","Do not know","Percentage","242","units ","0","v1001627507","9.6.6","16.8","A","","","1"
"2016","Alberta","2016A000248","Highways","Very poor","Percentage","242","units ","0","v1001627508","10.1.1","15.6","A","","","1"
"2016","Alberta","2016A000248","Highways","Poor","Percentage","242","units ","0","v1001627514","10.1.2","0.3","A","","","1"
"2016","Alberta","2016A000248","Highways","Fair","Percentage","242","units ","0","v1001627520","10.1.3","26.8","A","","","1"
"2016","Alberta","2016A000248","Highways","Good","Percentage","242","units ","0","v1001627526","10.1.4","56.6","A","","","1"
"2016","Alberta","2016A000248","Highways","Very good","Percentage","242","units ","0","v1001627532","10.1.5","0.7","A","","","1"
"2016","Alberta","2016A000248","Highways","Do not know","Percentage","242","units ","0","v1001627538","10.1.6","0.0","A","","","1"
"2016","Alberta","2016A000248","Arterial roads","Very poor","Percentage","242","units ","0","v1001627509","10.2.1","0.7","A","","","1"
"2016","Alberta","2016A000248","Arterial roads","Poor","Percentage","242","units ","0","v1001627515","10.2.2","9.5","A","","","1"
"2016","Alberta","2016A000248","Arterial roads","Fair","Percentage","242","units ","0","v1001627521","10.2.3","25.5","A","","","1"
"2016","Alberta","2016A000248","Arterial roads","Good","Percentage","242","units ","0","v1001627527","10.2.4","44.3","A","","","1"
"2016","Alberta","2016A000248","Arterial roads","Very good","Percentage","242","units ","0","v1001627533","10.2.5","11.8","A","","","1"
"2016","Alberta","2016A000248","Arterial roads","Do not know","Percentage","242","units ","0","v1001627539","10.2.6","8.3","A","","","1"
"2016","Alberta","2016A000248","Collector roads","Very poor","Percentage","242","units ","0","v1001627510","10.3.1","2.0","A","","","1"
"2016","Alberta","2016A000248","Collector roads","Poor","Percentage","242","units ","0","v1001627516","10.3.2","6.0","A","","","1"
"2016","Alberta","2016A000248","Collector roads","Fair","Percentage","242","units ","0","v1001627522","10.3.3","29.7","A","","","1"
"2016","Alberta","2016A000248","Collector roads","Good","Percentage","242","units ","0","v1001627528","10.3.4","38.6","A","","","1"
"2016","Alberta","2016A000248","Collector roads","Very good","Percentage","242","units ","0","v1001627534","10.3.5","9.4","A","","","1"
"2016","Alberta","2016A000248","Collector roads","Do not know","Percentage","242","units ","0","v1001627540","10.3.6","14.4","A","","","1"
"2016","Alberta","2016A000248","Local roads","Very poor","Percentage","242","units ","0","v1001627511","10.4.1","4.3","A","","","1"
"2016","Alberta","2016A000248","Local roads","Poor","Percentage","242","units ","0","v1001627517","10.4.2","7.6","A","","","1"
"2016","Alberta","2016A000248","Local roads","Fair","Percentage","242","units ","0","v1001627523","10.4.3","20.4","A","","","1"
"2016","Alberta","2016A000248","Local roads","Good","Percentage","242","units ","0","v1001627529","10.4.4","43.9","A","","","1"
"2016","Alberta","2016A000248","Local roads","Very good","Percentage","242","units ","0","v1001627535","10.4.5","14.6","A","","","1"
"2016","Alberta","2016A000248","Local roads","Do not know","Percentage","242","units ","0","v1001627541","10.4.6","9.3","A","","","1"
"2016","Alberta","2016A000248","Lanes and alleys","Very poor","Percentage","242","units ","0","v1001627512","10.5.1","24.9","A","","","1"
"2016","Alberta","2016A000248","Lanes and alleys","Poor","Percentage","242","units ","0","v1001627518","10.5.2","12.4","A","","","1"
"2016","Alberta","2016A000248","Lanes and alleys","Fair","Percentage","242","units ","0","v1001627524","10.5.3","18.5","A","","","1"
"2016","Alberta","2016A000248","Lanes and alleys","Good","Percentage","242","units ","0","v1001627530","10.5.4","24.6","A","","","1"
"2016","Alberta","2016A000248","Lanes and alleys","Very good","Percentage","242","units ","0","v1001627536","10.5.5","8.0","A","","","1"
"2016","Alberta","2016A000248","Lanes and alleys","Do not know","Percentage","242","units ","0","v1001627542","10.5.6","11.7","A","","","1"
"2016","Alberta","2016A000248","Sidewalks","Very poor","Percentage","242","units ","0","v1001627513","10.6.1","1.5","A","","","1"
"2016","Alberta","2016A000248","Sidewalks","Poor","Percentage","242","units ","0","v1001627519","10.6.2","6.4","A","","","1"
"2016","Alberta","2016A000248","Sidewalks","Fair","Percentage","242","units ","0","v1001627525","10.6.3","11.3","A","","","1"
"2016","Alberta","2016A000248","Sidewalks","Good","Percentage","242","units ","0","v1001627531","10.6.4","55.6","A","","","1"
"2016","Alberta","2016A000248","Sidewalks","Very good","Percentage","242","units ","0","v1001627537","10.6.5","16.8","A","","","1"
"2016","Alberta","2016A000248","Sidewalks","Do not know","Percentage","242","units ","0","v1001627543","10.6.6","8.4","A","","","1"
"2016","British Columbia","2016A000259","Highways","Very poor","Percentage","242","units ","0","v1001627544","11.1.1","3.0","A","","","1"
"2016","British Columbia","2016A000259","Highways","Poor","Percentage","242","units ","0","v1001627550","11.1.2","5.0","A","","","1"
"2016","British Columbia","2016A000259","Highways","Fair","Percentage","242","units ","0","v1001627556","11.1.3","17.0","A","","","1"
"2016","British Columbia","2016A000259","Highways","Good","Percentage","242","units ","0","v1001627562","11.1.4","74.9","A","","","1"
"2016","British Columbia","2016A000259","Highways","Very good","Percentage","242","units ","0","v1001627568","11.1.5","0.2","A","","","1"
"2016","British Columbia","2016A000259","Highways","Do not know","Percentage","242","units ","0","v1001627574","11.1.6","0.0","","","","1"
"2016","British Columbia","2016A000259","Arterial roads","Very poor","Percentage","242","units ","0","v1001627545","11.2.1","5.0","A","","","1"
"2016","British Columbia","2016A000259","Arterial roads","Poor","Percentage","242","units ","0","v1001627551","11.2.2","8.8","A","","","1"
"2016","British Columbia","2016A000259","Arterial roads","Fair","Percentage","242","units ","0","v1001627557","11.2.3","14.8","A","","","1"
"2016","British Columbia","2016A000259","Arterial roads","Good","Percentage","242","units ","0","v1001627563","11.2.4","45.6","A","","","1"
"2016","British Columbia","2016A000259","Arterial roads","Very good","Percentage","242","units ","0","v1001627569","11.2.5","25.4","A","","","1"
"2016","British Columbia","2016A000259","Arterial roads","Do not know","Percentage","242","units ","0","v1001627575","11.2.6","0.5","A","","","1"
"2016","British Columbia","2016A000259","Collector roads","Very poor","Percentage","242","units ","0","v1001627546","11.3.1","8.6","A","","","1"
"2016","British Columbia","2016A000259","Collector roads","Poor","Percentage","242","units ","0","v1001627552","11.3.2","27.9","A","","","1"
"2016","British Columbia","2016A000259","Collector roads","Fair","Percentage","242","units ","0","v1001627558","11.3.3","26.1","A","","","1"
"2016","British Columbia","2016A000259","Collector roads","Good","Percentage","242","units ","0","v1001627564","11.3.4","23.5","A","","","1"
"2016","British Columbia","2016A000259","Collector roads","Very good","Percentage","242","units ","0","v1001627570","11.3.5","11.7","A","","","1"
"2016","British Columbia","2016A000259","Collector roads","Do not know","Percentage","242","units ","0","v1001627576","11.3.6","2.2","A","","","1"
"2016","British Columbia","2016A000259","Local roads","Very poor","Percentage","242","units ","0","v1001627547","11.4.1","2.6","A","","","1"
"2016","British Columbia","2016A000259","Local roads","Poor","Percentage","242","units ","0","v1001627553","11.4.2","10.7","A","","","1"
"2016","British Columbia","2016A000259","Local roads","Fair","Percentage","242","units ","0","v1001627559","11.4.3","23.1","A","","","1"
"2016","British Columbia","2016A000259","Local roads","Good","Percentage","242","units ","0","v1001627565","11.4.4","29.5","A","","","1"
"2016","British Columbia","2016A000259","Local roads","Very good","Percentage","242","units ","0","v1001627571","11.4.5","13.1","A","","","1"
"2016","British Columbia","2016A000259","Local roads","Do not know","Percentage","242","units ","0","v1001627577","11.4.6","21.1","A","","","1"
"2016","British Columbia","2016A000259","Lanes and alleys","Very poor","Percentage","242","units ","0","v1001627548","11.5.1","1.9","A","","","1"
"2016","British Columbia","2016A000259","Lanes and alleys","Poor","Percentage","242","units ","0","v1001627554","11.5.2","9.3","A","","","1"
"2016","British Columbia","2016A000259","Lanes and alleys","Fair","Percentage","242","units ","0","v1001627560","11.5.3","19.1","A","","","1"
"2016","British Columbia","2016A000259","Lanes and alleys","Good","Percentage","242","units ","0","v1001627566","11.5.4","9.3","A","","","1"
"2016","British Columbia","2016A000259","Lanes and alleys","Very good","Percentage","242","units ","0","v1001627572","11.5.5","5.5","A","","","1"
"2016","British Columbia","2016A000259","Lanes and alleys","Do not know","Percentage","242","units ","0","v1001627578","11.5.6","54.8","A","","","1"
"2016","British Columbia","2016A000259","Sidewalks","Very poor","Percentage","242","units ","0","v1001627549","11.6.1","0.8","A","","","1"
"2016","British Columbia","2016A000259","Sidewalks","Poor","Percentage","242","units ","0","v1001627555","11.6.2","9.5","A","","","1"
"2016","British Columbia","2016A000259","Sidewalks","Fair","Percentage","242","units ","0","v1001627561","11.6.3","24.7","A","","","1"
"2016","British Columbia","2016A000259","Sidewalks","Good","Percentage","242","units ","0","v1001627567","11.6.4","34.0","A","","","1"
"2016","British Columbia","2016A000259","Sidewalks","Very good","Percentage","242","units ","0","v1001627573","11.6.5","4.9","A","","","1"
"2016","British Columbia","2016A000259","Sidewalks","Do not know","Percentage","242","units ","0","v1001627579","11.6.6","26.2","A","","","1"
"2016","Yukon","2016A000260","Highways","Very poor","Percentage","242","units ","0","v1001627580","12.1.1","0.0","","","","1"
"2016","Yukon","2016A000260","Highways","Poor","Percentage","242","units ","0","v1001627586","12.1.2","17.0","A","","","1"
"2016","Yukon","2016A000260","Highways","Fair","Percentage","242","units ","0","v1001627592","12.1.3","42.0","A","","","1"
"2016","Yukon","2016A000260","Highways","Good","Percentage","242","units ","0","v1001627598","12.1.4","23.0","A","","","1"
"2016","Yukon","2016A000260","Highways","Very good","Percentage","242","units ","0","v1001627604","12.1.5","0.0","","","","1"
"2016","Yukon","2016A000260","Highways","Do not know","Percentage","242","units ","0","v1001627610","12.1.6","18.0","A","","","1"
"2016","Yukon","2016A000260","Arterial roads","Very poor","Percentage","242","units ","0","v1001627581","12.2.1","0.7","A","","","1"
"2016","Yukon","2016A000260","Arterial roads","Poor","Percentage","242","units ","0","v1001627587","12.2.2","0.0","","","","1"
"2016","Yukon","2016A000260","Arterial roads","Fair","Percentage","242","units ","0","v1001627593","12.2.3","5.8","A","","","1"
"2016","Yukon","2016A000260","Arterial roads","Good","Percentage","242","units ","0","v1001627599","12.2.4","0.0","","","","1"
"2016","Yukon","2016A000260","Arterial roads","Very good","Percentage","242","units ","0","v1001627605","12.2.5","0.0","","","","1"
"2016","Yukon","2016A000260","Arterial roads","Do not know","Percentage","242","units ","0","v1001627611","12.2.6","93.4","A","","","1"
"2016","Yukon","2016A000260","Collector roads","Very poor","Percentage","242","units ","0","v1001627582","12.3.1","22.0","A","","","1"
"2016","Yukon","2016A000260","Collector roads","Poor","Percentage","242","units ","0","v1001627588","12.3.2","1.0","A","","","1"
"2016","Yukon","2016A000260","Collector roads","Fair","Percentage","242","units ","0","v1001627594","12.3.3","56.0","A","","","1"
"2016","Yukon","2016A000260","Collector roads","Good","Percentage","242","units ","0","v1001627600","12.3.4","18.0","A","","","1"
"2016","Yukon","2016A000260","Collector roads","Very good","Percentage","242","units ","0","v1001627606","12.3.5","3.0","A","","","1"
"2016","Yukon","2016A000260","Collector roads","Do not know","Percentage","242","units ","0","v1001627612","12.3.6","0.0","","","","1"
"2016","Yukon","2016A000260","Local roads","Very poor","Percentage","242","units ","0","v1001627583","12.4.1","7.1","A","","","1"
"2016","Yukon","2016A000260","Local roads","Poor","Percentage","242","units ","0","v1001627589","12.4.2","10.2","A","","","1"
"2016","Yukon","2016A000260","Local roads","Fair","Percentage","242","units ","0","v1001627595","12.4.3","17.8","A","","","1"
"2016","Yukon","2016A000260","Local roads","Good","Percentage","242","units ","0","v1001627601","12.4.4","14.5","A","","","1"
"2016","Yukon","2016A000260","Local roads","Very good","Percentage","242","units ","0","v1001627607","12.4.5","0.3","A","","","1"
"2016","Yukon","2016A000260","Local roads","Do not know","Percentage","242","units ","0","v1001627613","12.4.6","50.2","A","","","1"
"2016","Yukon","2016A000260","Lanes and alleys","Very poor","Percentage","242","units ","0","v1001627584","12.5.1","0.0","","","","1"
"2016","Yukon","2016A000260","Lanes and alleys","Poor","Percentage","242","units ","0","v1001627590","12.5.2","0.0","","","","1"
"2016","Yukon","2016A000260","Lanes and alleys","Fair","Percentage","242","units ","0","v1001627596","12.5.3","100.0","A","","","1"
"2016","Yukon","2016A000260","Lanes and alleys","Good","Percentage","242","units ","0","v1001627602","12.5.4","0.0","","","","1"
"2016","Yukon","2016A000260","Lanes and alleys","Very good","Percentage","242","units ","0","v1001627608","12.5.5","0.0","","","","1"
"2016","Yukon","2016A000260","Lanes and alleys","Do not know","Percentage","242","units ","0","v1001627614","12.5.6","0.0","","","","1"
"2016","Yukon","2016A000260","Sidewalks","Very poor","Percentage","242","units ","0","v1001627585","12.6.1","0.8","A","","","1"
"2016","Yukon","2016A000260","Sidewalks","Poor","Percentage","242","units ","0","v1001627591","12.6.2","0.8","A","","","1"
"2016","Yukon","2016A000260","Sidewalks","Fair","Percentage","242","units ","0","v1001627597","12.6.3","0.8","A","","","1"
"2016","Yukon","2016A000260","Sidewalks","Good","Percentage","242","units ","0","v1001627603","12.6.4","0.8","A","","","1"
"2016","Yukon","2016A000260","Sidewalks","Very good","Percentage","242","units ","0","v1001627609","12.6.5","0.8","A","","","1"
"2016","Yukon","2016A000260","Sidewalks","Do not know","Percentage","242","units ","0","v1001627615","12.6.6","96.0","A","","","1"
"2016","Northwest Territories","2016A000261","Highways","Very poor","Percentage","242","units ","0","v1001627616","13.1.1","0.0","","","","1"
"2016","Northwest Territories","2016A000261","Highways","Poor","Percentage","242","units ","0","v1001627622","13.1.2","1.0","A","","","1"
"2016","Northwest Territories","2016A000261","Highways","Fair","Percentage","242","units ","0","v1001627628","13.1.3","6.0","A","","","1"
"2016","Northwest Territories","2016A000261","Highways","Good","Percentage","242","units ","0","v1001627634","13.1.4","40.0","A","","","1"
"2016","Northwest Territories","2016A000261","Highways","Very good","Percentage","242","units ","0","v1001627640","13.1.5","53.0","A","","","1"
"2016","Northwest Territories","2016A000261","Highways","Do not know","Percentage","242","units ","0","v1001627646","13.1.6","0.0","","","","1"
"2016","Northwest Territories","2016A000261","Arterial roads","Very poor","Percentage","242","units ","0","v1001627617","13.2.1","8.4","A","","","1"
"2016","Northwest Territories","2016A000261","Arterial roads","Poor","Percentage","242","units ","0","v1001627623","13.2.2","17.4","A","","","1"
"2016","Northwest Territories","2016A000261","Arterial roads","Fair","Percentage","242","units ","0","v1001627629","13.2.3","33.5","A","","","1"
"2016","Northwest Territories","2016A000261","Arterial roads","Good","Percentage","242","units ","0","v1001627635","13.2.4","40.7","A","","","1"
"2016","Northwest Territories","2016A000261","Arterial roads","Very good","Percentage","242","units ","0","v1001627641","13.2.5","0.0","","","","1"
"2016","Northwest Territories","2016A000261","Arterial roads","Do not know","Percentage","242","units ","0","v1001627647","13.2.6","0.0","","","","1"
"2016","Northwest Territories","2016A000261","Collector roads","Very poor","Percentage","242","units ","0","v1001627618","13.3.1","8.3","A","","","1"
"2016","Northwest Territories","2016A000261","Collector roads","Poor","Percentage","242","units ","0","v1001627624","13.3.2","11.6","A","","","1"
"2016","Northwest Territories","2016A000261","Collector roads","Fair","Percentage","242","units ","0","v1001627630","13.3.3","21.0","A","","","1"
"2016","Northwest Territories","2016A000261","Collector roads","Good","Percentage","242","units ","0","v1001627636","13.3.4","58.0","A","","","1"
"2016","Northwest Territories","2016A000261","Collector roads","Very good","Percentage","242","units ","0","v1001627642","13.3.5","1.1","A","","","1"
"2016","Northwest Territories","2016A000261","Collector roads","Do not know","Percentage","242","units ","0","v1001627648","13.3.6","0.0","","","","1"
"2016","Northwest Territories","2016A000261","Local roads","Very poor","Percentage","242","units ","0","v1001627619","13.4.1","0.0","","","","1"
"2016","Northwest Territories","2016A000261","Local roads","Poor","Percentage","242","units ","0","v1001627625","13.4.2","3.8","A","","","1"
"2016","Northwest Territories","2016A000261","Local roads","Fair","Percentage","242","units ","0","v1001627631","13.4.3","25.6","A","","","1"
"2016","Northwest Territories","2016A000261","Local roads","Good","Percentage","242","units ","0","v1001627637","13.4.4","70.6","A","","","1"
"2016","Northwest Territories","2016A000261","Local roads","Very good","Percentage","242","units ","0","v1001627643","13.4.5","0.0","","","","1"
"2016","Northwest Territories","2016A000261","Local roads","Do not know","Percentage","242","units ","0","v1001627649","13.4.6","0.0","","","","1"
"2016","Northwest Territories","2016A000261","Lanes and alleys","Very poor","Percentage","242","units ","0","v1001627620","13.5.1","0.0","","","","1"
"2016","Northwest Territories","2016A000261","Lanes and alleys","Poor","Percentage","242","units ","0","v1001627626","13.5.2","0.0","","","","1"
"2016","Northwest Territories","2016A000261","Lanes and alleys","Fair","Percentage","242","units ","0","v1001627632","13.5.3","52.8","A","","","1"
"2016","Northwest Territories","2016A000261","Lanes and alleys","Good","Percentage","242","units ","0","v1001627638","13.5.4","47.2","A","","","1"
"2016","Northwest Territories","2016A000261","Lanes and alleys","Very good","Percentage","242","units ","0","v1001627644","13.5.5","0.0","","","","1"
"2016","Northwest Territories","2016A000261","Lanes and alleys","Do not know","Percentage","242","units ","0","v1001627650","13.5.6","0.0","","","","1"
"2016","Northwest Territories","2016A000261","Sidewalks","Very poor","Percentage","242","units ","0","v1001627621","13.6.1","0.0","","","","1"
"2016","Northwest Territories","2016A000261","Sidewalks","Poor","Percentage","242","units ","0","v1001627627","13.6.2","0.0","","","","1"
"2016","Northwest Territories","2016A000261","Sidewalks","Fair","Percentage","242","units ","0","v1001627633","13.6.3","6.0","A","","","1"
"2016","Northwest Territories","2016A000261","Sidewalks","Good","Percentage","242","units ","0","v1001627639","13.6.4","11.4","A","","","1"
"2016","Northwest Territories","2016A000261","Sidewalks","Very good","Percentage","242","units ","0","v1001627645","13.6.5","4.3","A","","","1"
"2016","Northwest Territories","2016A000261","Sidewalks","Do not know","Percentage","242","units ","0","v1001627651","13.6.6","78.3","A","","","1"
"2016","Nunavut","2016A000262","Highways","Very poor","Percentage","242","units ","0","v1001627652","14.1.1","0.0","","","","1"
"2016","Nunavut","2016A000262","Highways","Poor","Percentage","242","units ","0","v1001627658","14.1.2","0.0","","","","1"
"2016","Nunavut","2016A000262","Highways","Fair","Percentage","242","units ","0","v1001627664","14.1.3","50.0","A","","","1"
"2016","Nunavut","2016A000262","Highways","Good","Percentage","242","units ","0","v1001627670","14.1.4","0.0","","","","1"
"2016","Nunavut","2016A000262","Highways","Very good","Percentage","242","units ","0","v1001627676","14.1.5","0.0","","","","1"
"2016","Nunavut","2016A000262","Highways","Do not know","Percentage","242","units ","0","v1001627682","14.1.6","50.0","A","","","1"
"2016","Nunavut","2016A000262","Arterial roads","Very poor","Percentage","242","units ","0","v1001627653","14.2.1","0.0","","","","1"
"2016","Nunavut","2016A000262","Arterial roads","Poor","Percentage","242","units ","0","v1001627659","14.2.2","40.0","A","","","1"
"2016","Nunavut","2016A000262","Arterial roads","Fair","Percentage","242","units ","0","v1001627665","14.2.3","0.0","","","","1"
"2016","Nunavut","2016A000262","Arterial roads","Good","Percentage","242","units ","0","v1001627671","14.2.4","60.0","A","","","1"
"2016","Nunavut","2016A000262","Arterial roads","Very good","Percentage","242","units ","0","v1001627677","14.2.5","0.0","","","","1"
"2016","Nunavut","2016A000262","Arterial roads","Do not know","Percentage","242","units ","0","v1001627683","14.2.6","0.0","","","","1"
"2016","Nunavut","2016A000262","Collector roads","Very poor","Percentage","242","units ","0","v1001627654","14.3.1","0.0","","","","1"
"2016","Nunavut","2016A000262","Collector roads","Poor","Percentage","242","units ","0","v1001627660","14.3.2","30.0","A","","","1"
"2016","Nunavut","2016A000262","Collector roads","Fair","Percentage","242","units ","0","v1001627666","14.3.3","0.0","","","","1"
"2016","Nunavut","2016A000262","Collector roads","Good","Percentage","242","units ","0","v1001627672","14.3.4","70.0","A","","","1"
"2016","Nunavut","2016A000262","Collector roads","Very good","Percentage","242","units ","0","v1001627678","14.3.5","0.0","","","","1"
"2016","Nunavut","2016A000262","Collector roads","Do not know","Percentage","242","units ","0","v1001627684","14.3.6","0.0","","","","1"
"2016","Nunavut","2016A000262","Local roads","Very poor","Percentage","242","units ","0","v1001627655","14.4.1","0.0","","","","1"
"2016","Nunavut","2016A000262","Local roads","Poor","Percentage","242","units ","0","v1001627661","14.4.2","0.0","","","","1"
"2016","Nunavut","2016A000262","Local roads","Fair","Percentage","242","units ","0","v1001627667","14.4.3","74.4","A","","","1"
"2016","Nunavut","2016A000262","Local roads","Good","Percentage","242","units ","0","v1001627673","14.4.4","25.6","A","","","1"
"2016","Nunavut","2016A000262","Local roads","Very good","Percentage","242","units ","0","v1001627679","14.4.5","0.0","","","","1"
"2016","Nunavut","2016A000262","Local roads","Do not know","Percentage","242","units ","0","v1001627685","14.4.6","0.0","","","","1"
"2016","Nunavut","2016A000262","Lanes and alleys","Very poor","Percentage","242","units ","0","v1001627656","14.5.1","0.0","","","","1"
"2016","Nunavut","2016A000262","Lanes and alleys","Poor","Percentage","242","units ","0","v1001627662","14.5.2","50.0","A","","","1"
"2016","Nunavut","2016A000262","Lanes and alleys","Fair","Percentage","242","units ","0","v1001627668","14.5.3","50.0","A","","","1"
"2016","Nunavut","2016A000262","Lanes and alleys","Good","Percentage","242","units ","0","v1001627674","14.5.4","0.0","","","","1"
"2016","Nunavut","2016A000262","Lanes and alleys","Very good","Percentage","242","units ","0","v1001627680","14.5.5","0.0","","","","1"
"2016","Nunavut","2016A000262","Lanes and alleys","Do not know","Percentage","242","units ","0","v1001627686","14.5.6","0.0","","","","1"
